Problem Size,Execution Time (s)
5,0.000000
10,0.000000
50,0.000000
100,0.010000
500,0.540000
1000,3.810000
2000,35.600000
