# Processes,# Elements,Time [s]
1,128,0.000409738
1,256,0.00125909
1,512,0.00476907
1,1024,0.0173793
1,2048,0.0643057
1,4096,0.253263
1,8192,1.00896
1,16384,4.04236
1,32768,16.1983
